ts,open,high,low,close,volume,datetime
1380758400000,122.0,124.1,122.0,123.8,7.0146,2013-10-03 00:00:00+00:00
1381363200000,125.8,153.0,125.8,138.0,42.63475337,2013-10-10 00:00:00+00:00
1381968000000,137.6,203.4,137.5,203.4,171.61998489,2013-10-17 00:00:00+00:00
1382572800000,203.6,207.3,169.9,203.7,242.17675523,2013-10-24 00:00:00+00:00
1383177600000,199.0,269.4,199.0,263.7,198.73889693,2013-10-31 00:00:00+00:00
1383782400000,262.8,4000.0,262.8,398.0,194.70586461,2013-11-07 00:00:00+00:00
1384387200000,405.5,800.0,387.9,591.8,308.35682594,2013-11-14 00:00:00+00:00
1384992000000,600.0,1081.0,583.1,994.9,217.66098978,2013-11-21 00:00:00+00:00
1385596800000,994.9,1198.8,770.0,1079.9,243.63771381,2013-11-28 00:00:00+00:00
1386201600000,1088.6,1110.0,600.9,883.7,471.82624424,2013-12-05 00:00:00+00:00
1386806400000,883.7,919.0,380.0,528.0,420.31454306,2013-12-12 00:00:00+00:00
1387411200000,533.3,718.2,517.6,676.0,203.1824754,2013-12-19 00:00:00+00:00
1388016000000,684.5,771.0,676.0,753.9,143.36257321,2013-12-26 00:00:00+00:00
1388620800000,750.1,1019.0,750.0,824.9,327.37169942,2014-01-02 00:00:00+00:00
1389225600000,825.5,918.0,805.0,850.0,124.60013548,2014-01-09 00:00:00+00:00
1389830400000,853.0,865.0,788.0,830.8,98.72272157,2014-01-16 00:00:00+00:00
1390435200000,822.4,840.0,775.0,795.0,123.46694554,2014-01-23 00:00:00+00:00
1391040000000,802.4,835.0,787.0,802.5,88.89233494,2014-01-30 00:00:00+00:00
1391644800000,802.5,803.7,550.0,670.6,248.57865805,2014-02-06 00:00:00+00:00
1392249600000,671.0,710.0,586.4,630.1,191.00275531,2014-02-13 00:00:00+00:00
1392854400000,631.7,650.2,450.0,587.2,308.41662708,2014-02-20 00:00:00+00:00
1393459200000,599.0,720.0,550.0,680.9,186.08656079,2014-02-27 00:00:00+00:00
1394064000000,670.0,693.0,550.2,632.3,57.59468216,2014-03-06 00:00:00+00:00
1394668800000,644.4,657.9,550.0,620.0,56.32215316,2014-03-13 00:00:00+00:00
1395273600000,621.0,641.1,554.0,585.0,61.99958193,2014-03-20 00:00:00+00:00
1395878400000,585.1,599.2,436.0,443.6,168.58914334,2014-03-27 00:00:00+00:00
1396483200000,440.0,550.0,426.4,452.9,54.4240466,2014-04-03 00:00:00+00:00
1397088000000,450.0,583.7,353.7,523.5,178.33021953,2014-04-10 00:00:00+00:00
1397692800000,523.5,530.3,477.1,495.6,91.92080301,2014-04-17 00:00:00+00:00
1398297600000,495.0,503.4,429.0,448.3,59.74916619,2014-04-24 00:00:00+00:00
1398902400000,448.0,464.4,422.1,441.8,63.62486254,2014-05-01 00:00:00+00:00
1399507200000,446.2,459.2,432.2,445.5,39.45569191,2014-05-08 00:00:00+00:00
1400112000000,440.8,498.8,440.8,494.7,40.90839396,2014-05-15 00:00:00+00:00
1400716800000,494.7,594.6,494.7,575.8,109.48133069,2014-05-22 00:00:00+00:00
1401321600000,576.2,677.9,525.0,650.4,158.19209496,2014-05-29 00:00:00+00:00
1401926400000,650.4,669.7,617.9,617.9,57.449732,2014-06-05 00:00:00+00:00
1402531200000,630.3,637.0,534.2,605.8,169.27272238,2014-06-12 00:00:00+00:00
1403136000000,603.4,627.0,557.4,564.4,58.03887106,2014-06-19 00:00:00+00:00
1403740800000,568.4,658.8,568.4,646.5,86.2224556,2014-06-26 00:00:00+00:00
1404345600000,644.5,655.0,614.7,627.8,31.80690642,2014-07-03 00:00:00+00:00
1404950400000,632.1,653.4,612.8,625.2,12.81308624,2014-07-10 00:00:00+00:00
1405555200000,625.2,630.0,610.0,618.6,31.2553276,2014-07-17 00:00:00+00:00
1406160000000,612.5,623.4,566.7,566.7,50.05185,2014-07-24 00:00:00+00:00
1406764800000,573.1,602.3,567.6,579.0,53.60252092,2014-07-31 00:00:00+00:00
1407369600000,584.2,595.3,531.6,535.0,35.34645669,2014-08-07 00:00:00+00:00
1407974400000,535.0,553.8,455.0,530.0,189.28345634,2014-08-14 00:00:00+00:00
1408579200000,530.0,530.0,482.2,524.8,43.67796412,2014-08-21 00:00:00+00:00
1409184000000,495.0,524.8,490.0,524.7,6.71166936,2014-08-28 00:00:00+00:00
1409788800000,475.0,524.7,465.0,475.0,46.49532677,2014-09-04 00:00:00+00:00
1410393600000,475.0,527.9,445.0,445.0,12.35441078,2014-09-11 00:00:00+00:00
1410998400000,455.9,503.1,295.0,433.1,56.14501921,2014-09-18 00:00:00+00:00
1411603200000,413.0,449.9,370.0,390.0,24.68515664,2014-09-25 00:00:00+00:00
1412208000000,380.0,389.9,273.3,370.0,141.10201578,2014-10-02 00:00:00+00:00
1412812800000,335.4,418.9,335.1,400.3,114.7913963,2014-10-09 00:00:00+00:00
1413417600000,398.3,398.3,371.0,388.7,29.72957796,2014-10-16 00:00:00+00:00
1414022400000,374.0,384.7,335.0,335.0,42.99562142,2014-10-23 00:00:00+00:00
1414627200000,335.0,350.0,320.0,328.2,44.94203811,2014-10-30 00:00:00+00:00
1415232000000,349.1,430.3,330.1,423.4,259.26175273,2014-11-06 00:00:00+00:00
1415836800000,423.2,450.0,370.3,389.9,140.71086686,2014-11-13 00:00:00+00:00
1416441600000,389.9,390.0,342.6,372.8,118.13474536,2014-11-20 00:00:00+00:00
1417046400000,385.6,387.0,360.5,380.0,61.32849293,2014-11-27 00:00:00+00:00
1417651200000,380.0,394.5,342.4,345.5,54.32561426,2014-12-04 00:00:00+00:00
1418256000000,345.4,372.1,315.0,329.9,92.74003093,2014-12-11 00:00:00+00:00
1418860800000,332.1,368.1,310.0,320.3,76.4236508,2014-12-18 00:00:00+00:00
1419465600000,320.4,338.9,313.0,319.1,49.78536677,2014-12-25 00:00:00+00:00
1420070400000,314.0,324.9,252.3,299.9,165.43166964,2015-01-01 00:00:00+00:00
1420675200000,290.0,299.9,175.0,175.0,548.88296773,2015-01-08 00:00:00+00:00
1421280000000,175.0,236.4,175.0,224.4,261.72227109,2015-01-15 00:00:00+00:00
1421884800000,225.0,307.0,205.0,247.9,404.77005547,2015-01-22 00:00:00+00:00
1422489600000,245.0,246.9,210.0,228.8,148.74032393,2015-01-29 00:00:00+00:00
1423094400000,222.0,231.5,205.0,207.2,71.46979529,2015-02-05 00:00:00+00:00
1423699200000,219.3,264.7,207.0,236.0,203.39941035,2015-02-12 00:00:00+00:00
1424304000000,237.9,248.5,234.0,237.0,103.44193284,2015-02-19 00:00:00+00:00
1424908800000,237.0,285.7,235.0,274.7,330.23234079,2015-02-26 00:00:00+00:00
1425513600000,272.3,299.9,260.0,295.6,114.38537869,2015-03-05 00:00:00+00:00
1426118400000,296.9,296.9,250.0,257.4,229.59058118,2015-03-12 00:00:00+00:00
1426723200000,253.4,280.8,237.6,250.9,73.55537418,2015-03-19 00:00:00+00:00
1427328000000,250.5,268.9,240.1,242.9,44.79338293,2015-03-26 00:00:00+00:00
1427932800000,247.5,262.4,240.0,249.4,84.96284962,2015-04-02 00:00:00+00:00
1428537600000,245.5,249.4,216.5,220.1,162.84393015,2015-04-09 00:00:00+00:00
1429142400000,227.8,238.8,222.0,233.2,200.10624407,2015-04-16 00:00:00+00:00
1429747200000,234.1,238.5,216.3,226.0,206.56664895,2015-04-23 00:00:00+00:00
1430352000000,226.0,242.5,225.6,227.3,213.94492296,2015-04-30 00:00:00+00:00
1430956800000,228.1,244.0,227.0,235.0,194.76606192,2015-05-07 00:00:00+00:00
1431561600000,235.5,240.0,231.0,234.8,74.96227975,2015-05-14 00:00:00+00:00
1432166400000,234.5,244.0,233.9,235.2,161.36986145,2015-05-21 00:00:00+00:00
1432771200000,234.0,237.9,222.0,227.0,99.99040789,2015-05-28 00:00:00+00:00
1433376000000,227.0,230.9,220.3,227.2,127.24545733,2015-06-04 00:00:00+00:00
1433980800000,228.6,256.3,226.1,245.0,367.62584896,2015-06-11 00:00:00+00:00
1434585600000,247.2,252.6,238.0,241.6,298.5527005,2015-06-18 00:00:00+00:00
1435190400000,242.7,273.0,239.5,258.1,341.61051416,2015-06-25 00:00:00+00:00
1435795200000,259.7,278.0,252.8,270.0,284.38628288,2015-07-02 00:00:00+00:00
1436400000000,270.5,316.0,267.3,285.8,796.7917453,2015-07-09 00:00:00+00:00
1437004800000,289.4,292.0,273.4,276.9,236.66440461,2015-07-16 00:00:00+00:00
1437609600000,278.3,296.8,276.0,291.6,200.28800288,2015-07-23 00:00:00+00:00
1438214400000,288.5,293.4,277.1,281.0,213.65584405,2015-07-30 00:00:00+00:00
1438819200000,281.0,290.0,258.0,267.0,300.8596529,2015-08-06 00:00:00+00:00
1439424000000,267.4,270.0,188.1,230.0,1947.02803571,2015-08-13 00:00:00+00:00
1440028800000,230.0,243.3,204.0,226.3,1851.12485216,2015-08-20 00:00:00+00:00
1440633600000,228.2,237.9,222.5,230.0,987.67612739,2015-08-27 00:00:00+00:00
1441238400000,229.1,246.5,226.1,239.0,1334.43910395,2015-09-03 00:00:00+00:00
1441843200000,240.1,242.1,226.3,229.0,960.82772725,2015-09-10 00:00:00+00:00
1442448000000,229.9,236.0,223.1,230.2,467.2617229,2015-09-17 00:00:00+00:00
1443052800000,229.7,240.0,229.7,236.0,523.08940937,2015-09-24 00:00:00+00:00
1443657600000,235.6,248.3,234.5,241.2,438.93358803,2015-10-01 00:00:00+00:00
1444262400000,243.6,253.6,233.0,253.6,520.11811139,2015-10-08 00:00:00+00:00
1444867200000,254.0,270.9,251.0,266.5,885.74417409,2015-10-15 00:00:00+00:00
1445472000000,266.2,305.0,263.7,298.0,823.48068473,2015-10-22 00:00:00+00:00
1446076800000,297.0,489.9,296.4,408.9,1575.14367307,2015-10-29 00:00:00+00:00
1446681600000,395.2,438.7,300.0,304.8,737.41658601,2015-11-05 00:00:00+00:00
1447286400000,309.1,341.0,301.5,326.5,654.34098339,2015-11-12 00:00:00+00:00
1447891200000,332.7,332.7,310.0,329.6,760.17842367,2015-11-19 00:00:00+00:00
1448496000000,329.7,380.6,329.7,358.6,1112.77219279,2015-11-26 00:00:00+00:00
1449100800000,359.4,420.0,356.9,416.3,2337.7186968,2015-12-03 00:00:00+00:00
1449705600000,417.2,464.9,407.1,453.6,1646.75477669,2015-12-10 00:00:00+00:00
1450310400000,450.3,467.6,426.6,444.8,681.1174614,2015-12-17 00:00:00+00:00
1450915200000,443.9,458.0,409.0,424.3,613.40078496,2015-12-24 00:00:00+00:00
1451520000000,424.4,434.9,416.6,429.9,240.37767923,2015-12-31 00:00:00+00:00
1452124800000,428.5,460.0,427.1,433.9,819.84400163,2016-01-07 00:00:00+00:00
1452729600000,433.0,437.1,351.7,419.0,2428.6485886,2016-01-14 00:00:00+00:00
1453334400000,419.0,425.7,375.5,395.3,3617.90850962,2016-01-21 00:00:00+00:00
1453939200000,396.5,397.8,365.0,368.1,2453.0445789,2016-01-28 00:00:00+00:00
1454544000000,368.6,392.0,367.7,380.0,3891.14900808,2016-02-04 00:00:00+00:00
1455148800000,380.0,421.7,373.6,413.8,6691.32866201,2016-02-11 00:00:00+00:00
1455753600000,413.4,443.9,408.1,423.2,6152.04744126,2016-02-18 00:00:00+00:00
1456358400000,423.9,442.0,412.0,421.1,5734.76870098,2016-02-25 00:00:00+00:00
1456963200000,421.7,431.1,387.2,411.9,16974.04624967,2016-03-03 00:00:00+00:00
1457568000000,410.5,429.7,406.1,418.1,17480.1083086,2016-03-10 00:00:00+00:00
1458172800000,418.1,422.6,405.0,416.0,11990.4597107,2016-03-17 00:00:00+00:00
1458777600000,415.5,429.9,405.0,412.4,7817.57938773,2016-03-24 00:00:00+00:00
1459382400000,412.4,424.9,412.4,423.5,6220.78549441,2016-03-31 00:00:00+00:00
1459987200000,423.5,430.3,415.0,423.5,8006.0099095,2016-04-07 00:00:00+00:00
1460592000000,424.1,444.0,422.3,440.9,6284.26479635,2016-04-14 00:00:00+00:00
1461196800000,440.9,470.0,440.1,444.0,7368.98291824,2016-04-21 00:00:00+00:00
1461801600000,445.9,458.1,435.4,447.8,7476.68041927,2016-04-28 00:00:00+00:00
1462406400000,447.7,464.9,447.1,453.2,7493.41902258,2016-05-05 00:00:00+00:00
1463011200000,453.2,459.7,449.3,452.3,7035.02552065,2016-05-12 00:00:00+00:00
1463616000000,453.2,453.8,427.0,448.3,10757.20465315,2016-05-19 00:00:00+00:00
1464220800000,448.3,549.0,445.1,535.5,16193.85791355,2016-05-26 00:00:00+00:00
1464825600000,535.2,589.9,531.5,581.9,13981.51748144,2016-06-02 00:00:00+00:00
1465430400000,581.9,717.7,571.5,696.0,19750.99544446,2016-06-09 00:00:00+00:00
1466035200000,696.0,781.1,580.0,601.9,39452.31187333,2016-06-16 00:00:00+00:00
1466640000000,599.8,762.2,551.4,643.1,20099.76624184,2016-06-23 00:00:00+00:00
1467244800000,638.5,703.9,635.0,677.1,10097.10800417,2016-06-30 00:00:00+00:00
1467849600000,678.8,681.9,610.6,655.1,9850.47921291,2016-07-07 00:00:00+00:00
1468454400000,654.2,686.0,650.0,666.1,7491.30053993,2016-07-14 00:00:00+00:00
1469059200000,667.4,669.4,642.5,656.9,7417.66860706,2016-07-21 00:00:00+00:00
1469664000000,656.9,661.1,479.0,569.8,18763.96690597,2016-07-28 00:00:00+00:00
1470268800000,567.5,607.5,566.1,591.0,9992.24678934,2016-08-04 00:00:00+00:00
1470873600000,590.0,599.9,561.4,573.2,6819.5652614,2016-08-11 00:00:00+00:00
1471478400000,573.6,592.1,570.8,582.1,4183.1790787,2016-08-18 00:00:00+00:00
1472083200000,580.9,582.2,564.2,574.2,4968.28782914,2016-08-25 00:00:00+00:00
1472688000000,574.2,617.3,565.5,617.3,6540.15628284,2016-09-01 00:00:00+00:00
1473292800000,617.3,635.6,595.1,613.9,4691.00113012,2016-09-08 00:00:00+00:00
1473897600000,612.5,615.8,592.0,599.6,4122.75642318,2016-09-15 00:00:00+00:00
1474502400000,598.9,609.1,595.0,604.9,3679.06943114,2016-09-22 00:00:00+00:00
1475107200000,604.9,617.2,604.0,614.9,3668.17416766,2016-09-29 00:00:00+00:00
1475712000000,614.9,645.4,611.2,635.2,5906.4152197,2016-10-06 00:00:00+00:00
1476316800000,634.7,647.0,623.7,631.5,4686.36106645,2016-10-13 00:00:00+00:00
1476921600000,631.4,679.0,627.0,677.3,8081.92686906,2016-10-20 00:00:00+00:00
1477526400000,677.3,747.0,674.6,747.0,11360.31554291,2016-10-27 00:00:00+00:00
1478131200000,747.0,750.5,673.4,722.4,11987.51846868,2016-11-03 00:00:00+00:00
1478736000000,722.4,744.8,685.3,741.6,7845.80660295,2016-11-10 00:00:00+00:00
1479340800000,741.8,763.1,713.0,741.9,11653.56691292,2016-11-17 00:00:00+00:00
1479945600000,742.4,745.1,726.0,742.3,6219.2531738,2016-11-24 00:00:00+00:00
1480550400000,742.3,781.9,740.8,765.0,8689.68971075,2016-12-01 00:00:00+00:00
1481155200000,765.0,789.0,762.0,777.5,5942.73394339,2016-12-08 00:00:00+00:00
1481760000000,777.5,830.0,776.0,830.0,6612.5562744,2016-12-15 00:00:00+00:00
1482364800000,829.9,979.9,826.0,978.0,16726.08297588,2016-12-22 00:00:00+00:00
1482969600000,979.8,1150.0,920.0,1133.2,16514.35562543,2016-12-29 00:00:00+00:00
1483574400000,1133.2,1156.9,765.4,789.8,33837.35213781,2017-01-05 00:00:00+00:00
1484179200000,783.0,920.0,756.0,892.3,19352.23565057,2017-01-12 00:00:00+00:00
1484784000000,892.4,939.9,882.5,896.8,14206.21846649,2017-01-19 00:00:00+00:00
1485388800000,896.8,990.0,895.5,988.7,10926.11437121,2017-01-26 00:00:00+00:00
1485993600000,988.7,1069.9,975.9,1055.8,14472.84706252,2017-02-02 00:00:00+00:00
1486598400000,1053.4,1079.9,940.0,1015.7,16093.40293841,2017-02-09 00:00:00+00:00
1487203200000,1016.7,1139.9,1015.7,1125.6,12285.16392293,2017-02-16 00:00:00+00:00
1487808000000,1122.0,1229.9,1056.6,1225.0,18069.40018797,2017-02-23 00:00:00+00:00
1488412800000,1228.7,1288.0,1131.3,1143.3,16483.28021792,2017-03-02 00:00:00+00:00
1489017600000,1143.3,1310.9,968.0,1252.9,25313.39800155,2017-03-09 00:00:00+00:00
1489622400000,1252.9,1255.9,902.0,1032.0,36876.80091295,2017-03-16 00:00:00+00:00
1490227200000,1030.0,1067.8,881.8,1043.4,26710.01447669,2017-03-23 00:00:00+00:00
1490832000000,1042.1,1165.6,1022.7,1138.1,22130.38341876,2017-03-30 00:00:00+00:00
1491436800000,1138.2,1234.6,1138.2,1219.1,13268.61599696,2017-04-06 00:00:00+00:00
1492041600000,1218.6,1219.5,1151.0,1204.2,12261.54906931,2017-04-13 00:00:00+00:00
1492646400000,1209.0,1314.7,1206.3,1290.5,13827.78988707,2017-04-20 00:00:00+00:00
1493251200000,1290.5,1523.7,1290.5,1513.5,26439.4326651,2017-04-27 00:00:00+00:00
1493856000000,1513.5,1794.0,1358.0,1782.0,46628.68308607,2017-05-04 00:00:00+00:00
1494460800000,1781.9,1886.6,1608.0,1836.0,40454.02442411,2017-05-11 00:00:00+00:00
1495065600000,1836.0,2589.0,1821.0,2408.2,53049.05018611,2017-05-18 00:00:00+00:00
1495670400000,2408.2,2722.2,1812.9,2291.3,65755.87278392,2017-05-25 00:00:00+00:00
1496275200000,2291.3,2934.2,2291.3,2690.0,54894.57513009,2017-06-01 00:00:00+00:00
1496880000000,2693.0,2948.0,2318.4,2452.6,47721.04378601,2017-06-08 00:00:00+00:00
1497484800000,2456.6,2768.0,2075.3,2644.9,56084.33358924,2017-06-15 00:00:00+00:00
1498089600000,2644.9,2735.3,2210.0,2554.0,44882.84677251,2017-06-22 00:00:00+00:00
1498694400000,2554.0,2647.6,2344.0,2611.3,39636.38290907,2017-06-29 00:00:00+00:00
1499299200000,2610.7,2620.0,2235.0,2373.8,42606.54113693,2017-07-06 00:00:00+00:00
1499904000000,2373.8,2417.0,1809.0,2254.9,76550.9902829,2017-07-13 00:00:00+00:00
1500508800000,2254.9,2934.4,2254.6,2525.0,70820.0547482,2017-07-20 00:00:00+00:00
1501113600000,2526.6,2970.0,2511.1,2700.8,54644.74088497,2017-07-27 00:00:00+00:00
1501718400000,2700.9,3492.0,2697.7,3371.8,50282.59838307,2017-08-03 00:00:00+00:00
1502323200000,3370.0,4484.2,3340.0,4388.0,59246.18682764,2017-08-10 00:00:00+00:00
1502928000000,4381.0,4479.0,3620.0,4151.0,47730.00969151,2017-08-17 00:00:00+00:00
1503532800000,4150.9,4665.4,4145.0,4579.7,28131.61058448,2017-08-24 00:00:00+00:00
1504137600000,4581.1,4965.0,4140.5,4641.6,41973.46270282,2017-08-31 00:00:00+00:00
1504742400000,4651.1,4730.0,3753.1,3882.2,40620.15322603,2017-09-07 00:00:00+00:00
1505347200000,3880.7,4135.0,2995.5,3863.1,70914.31594092,2017-09-14 00:00:00+00:00
1505952000000,3863.1,4240.0,3525.1,4213.8,35297.95462914,2017-09-21 00:00:00+00:00
1506556800000,4213.9,4467.5,4025.0,4223.6,28885.5797822,2017-09-28 00:00:00+00:00
1507161600000,4222.3,4919.0,4154.9,4822.6,27490.3500051,2017-10-05 00:00:00+00:00
1507766400000,4824.2,5854.4,4812.2,5579.4,37519.10738772,2017-10-12 00:00:00+00:00
1508371200000,5590.0,6180.0,5400.0,5762.8,30909.47786225,2017-10-19 00:00:00+00:00
1508976000000,5761.0,6749.0,5684.7,6741.9,25030.65271359,2017-10-26 00:00:00+00:00
1509580800000,6741.8,7788.0,6710.8,7463.5,31622.38262751,2017-11-02 00:00:00+00:00
1510185600000,7460.0,7470.0,5464.0,7260.0,54932.87004646,2017-11-09 00:00:00+00:00
1510790400000,7260.0,8350.0,7085.2,8250.6,30166.55597647,2017-11-16 00:00:00+00:00
1511395200000,8251.5,11379.8,7850.0,9795.8,28587.21634435,2017-11-23 00:00:00+00:00
1512000000000,9773.1,13850.0,9220.8,13737.7,30320.89977649,2017-11-30 00:00:00+00:00
1512604800000,13733.4,17423.0,13000.0,16150.1,32048.82997282,2017-12-07 00:00:00+00:00
1513209600000,16135.3,19660.0,15501.2,16220.7,26444.25140937,2017-12-14 00:00:00+00:00
1513814400000,16217.7,16950.0,11205.0,15445.9,32508.75723048,2017-12-21 00:00:00+00:00
1514419200000,15444.3,15599.7,12132.4,15185.7,23050.42464242,2017-12-28 00:00:00+00:00
1515024000000,15186.7,17245.0,13500.0,14937.6,22533.65755759,2018-01-04 00:00:00+00:00
1515628800000,14907.0,17200.0,9225.0,11185.0,30518.22792522,2018-01-11 00:00:00+00:00
1516233600000,11191.0,13079.6,10000.0,11419.8,37267.03547934,2018-01-18 00:00:00+00:00
1516838400000,11419.8,11932.7,9513.1,10101.6,48369.71125687,2018-01-25 00:00:00+00:00
1517443200000,10105.5,10180.9,5850.0,7559.0,114923.81710749,2018-02-01 00:00:00+00:00
1518048000000,7552.4,9520.6,7543.0,9489.7,62829.17962822,2018-02-08 00:00:00+00:00
1518652800000,9475.7,11790.1,9330.1,10468.1,62218.37487697,2018-02-15 00:00:00+00:00
1519257600000,10477.2,11081.4,9310.1,10310.0,67325.97474846,2018-02-22 00:00:00+00:00
1519862400000,10309.0,11666.4,9388.1,9903.0,52129.68293432,2018-03-01 00:00:00+00:00
1520467200000,9903.0,10120.7,7900.0,8174.2,96623.48072948,2018-03-08 00:00:00+00:00
1521072000000,8175.9,9189.8,7305.0,8880.0,97767.40064849,2018-03-15 00:00:00+00:00
1521676800000,8879.0,9116.2,7708.6,7943.3,59488.95812595,2018-03-22 00:00:00+00:00
1522281600000,7935.0,7975.0,6449.4,6790.4,93440.06946116,2018-03-29 00:00:00+00:00
1522886400000,6790.4,7186.1,6505.0,6941.0,48518.97276684,2018-04-05 00:00:00+00:00
1523491200000,6940.9,8500.0,6759.0,8170.0,51570.90465575,2018-04-12 00:00:00+00:00
1524096000000,8170.6,9750.0,8099.7,8855.7,47659.40607828,2018-04-19 00:00:00+00:00
1524700800000,8857.0,9538.0,8555.0,9217.1,36580.97338792,2018-04-26 00:00:00+00:00
1525305600000,9233.3,9962.0,8960.0,9305.4,29102.95960526,2018-05-03 00:00:00+00:00
1525910400000,9302.0,9395.9,8077.3,8344.9,34602.70759026,2018-05-10 00:00:00+00:00
1526515200000,8345.8,8596.7,7440.6,7500.3,28152.4399937,2018-05-17 00:00:00+00:00
1527120000000,7503.0,7725.0,7051.0,7374.9,28633.91419141,2018-05-24 00:00:00+00:00
1527724800000,7372.5,7780.0,7330.2,7659.8,20413.66473981,2018-05-31 00:00:00+00:00
1528329600000,7650.4,7750.0,6122.1,6294.2,28659.0800025,2018-06-07 00:00:00+00:00
1528934400000,6295.7,6854.3,6264.4,6755.4,24960.96746492,2018-06-14 00:00:00+00:00
1529539200000,6756.7,6787.6,5650.0,6134.2,35150.9569893,2018-06-21 00:00:00+00:00
1530144000000,6132.5,6790.0,5787.7,6584.2,24341.7646142,2018-06-28 00:00:00+00:00
1530748800000,6587.0,6838.5,6276.7,6377.9,18777.31771524,2018-07-05 00:00:00+00:00
1531353600000,6378.0,7599.0,6073.3,7367.4,29535.00914202,2018-07-12 00:00:00+00:00
1531958400000,7379.9,8496.6,7200.3,8166.0,33910.0671624,2018-07-19 00:00:00+00:00
1532563200000,8164.7,8315.0,7423.0,7604.1,28989.66959416,2018-07-26 00:00:00+00:00
1533168000000,7605.3,7700.0,6120.0,6275.9,36518.13589194,2018-08-02 00:00:00+00:00
1533772800000,6276.6,6789.8,5890.0,6269.5,49213.46691473,2018-08-09 00:00:00+00:00
1534377600000,6269.5,6916.5,6210.0,6359.8,28596.64275665,2018-08-16 00:00:00+00:00
1534982400000,6354.9,7133.7,6329.2,7022.7,21945.13359881,2018-08-23 00:00:00+00:00
1535587200000,7025.4,7405.9,6638.8,6686.6,27155.93650574,2018-08-30 00:00:00+00:00
1536192000000,6684.4,6702.3,6073.9,6319.5,30218.17533816,2018-09-06 00:00:00+00:00
1536796800000,6325.1,6599.8,6102.6,6392.1,25177.01461306,2018-09-13 00:00:00+00:00
1537401600000,6390.6,6836.4,6318.5,6453.5,26141.95411105,2018-09-20 00:00:00+00:00
1538006400000,6452.0,6796.2,6397.6,6463.9,22678.13457841,2018-09-27 00:00:00+00:00
1538611200000,6463.8,6688.3,6441.8,6530.5,12727.3757228,2018-10-04 00:00:00+00:00
1539216000000,6530.1,6820.0,6091.2,6442.5,27276.48914726,2018-10-11 00:00:00+00:00
1539820800000,6442.3,6487.9,6344.6,6413.9,9505.8292516,2018-10-18 00:00:00+00:00
1540425600000,6414.0,6450.0,6201.0,6307.5,15890.19172517,2018-10-25 00:00:00+00:00
1541030400000,6307.5,6552.9,6290.6,6503.3,11959.03707637,2018-11-01 00:00:00+00:00
1541635200000,6503.2,6515.7,5330.0,5600.9,26453.50380033,2018-11-08 00:00:00+00:00
1542240000000,5600.9,5698.0,4028.8,4548.2,71535.67511851,2018-11-15 00:00:00+00:00
1542844800000,4543.3,4589.9,3456.0,4219.8,92594.015934,2018-11-22 00:00:00+00:00
1543449600000,4219.8,4441.0,3653.0,3694.3,67834.05175023,2018-11-29 00:00:00+00:00
1544054400000,3697.1,3851.1,3208.0,3435.2,80311.65411522,2018-12-06 00:00:00+00:00
1544659200000,3433.1,3920.0,3120.0,3683.6,86201.85921066,2018-12-13 00:00:00+00:00
1545264000000,3682.0,4239.9,3651.0,3808.2,89438.27376432,2018-12-20 00:00:00+00:00
1545868800000,3809.2,4499.3,3565.9,3886.2,48490.617788,2018-12-27 00:00:00+00:00
1546473600000,3887.8,4113.9,3721.9,3999.9,40984.29546421,2019-01-03 00:00:00+00:00
1547078400000,4002.2,4035.5,3375.0,3606.6,51472.88443166,2019-01-10 00:00:00+00:00
1547683200000,3610.5,3950.0,3440.0,3556.1,35520.21076535,2019-01-17 00:00:00+00:00
1548288000000,3556.1,3673.0,3343.3,3435.4,31614.16100729,2019-01-24 00:00:00+00:00
1548892800000,3435.1,3494.1,3337.0,3367.4,26247.70182561,2019-01-31 00:00:00+00:00
1549497600000,3367.2,3744.2,3341.4,3574.0,31453.02422847,2019-02-07 00:00:00+00:00
1550102400000,3576.0,3975.0,3532.1,3942.0,38047.66112918,2019-02-14 00:00:00+00:00
1550707200000,3938.6,4190.3,3625.0,3799.1,44875.14564776,2019-02-21 00:00:00+00:00
1551312000000,3797.8,3895.7,3670.9,3851.7,24649.89115152,2019-02-28 00:00:00+00:00
1551916800000,3851.7,3947.0,3760.3,3853.4,22998.27570541,2019-03-07 00:00:00+00:00
1552521600000,3851.3,4048.8,3781.6,4032.1,23268.11256441,2019-03-14 00:00:00+00:00
1553126400000,4030.9,4064.4,3855.5,4025.8,22414.47765797,2019-03-21 00:00:00+00:00
1553731200000,4025.0,5362.7,3994.8,4972.2,57997.60001728,2019-03-28 00:00:00+00:00
1554336000000,4971.2,5464.0,4782.1,5321.0,49778.03307158,2019-04-04 00:00:00+00:00
1554940800000,5321.4,5343.4,4920.0,5224.9,32908.38528359,2019-04-11 00:00:00+00:00
1555545600000,5225.0,5645.0,5191.9,5442.2,35250.17079263,2019-04-18 00:00:00+00:00
1556150400000,5442.2,5510.5,4357.1,5323.3,38457.67512671,2019-04-25 00:00:00+00:00
1556755200000,5323.2,5983.2,5309.6,5939.6,46999.71696245,2019-05-02 00:00:00+00:00
1557360000000,5942.0,8339.9,5933.2,8203.0,103872.12294987,2019-05-09 00:00:00+00:00
1557964800000,8201.5,8370.0,6636.0,7622.1,84212.2981608,2019-05-16 00:00:00+00:00
1558569600000,7623.1,8953.4,7470.0,8663.2,47776.88297072,2019-05-23 00:00:00+00:00
1559174400000,8664.1,9094.4,7425.0,7787.1,60060.39968354,2019-05-30 00:00:00+00:00
1559779200000,7787.8,8286.8,7440.0,8171.0,44520.96315479,2019-06-06 00:00:00+00:00
1560384000000,8171.0,9470.0,8005.0,9277.1,50030.88524167,2019-06-13 00:00:00+00:00
1560988800000,9282.1,13875.7,9213.2,12933.7,77080.04844919,2019-06-20 00:00:00+00:00
1561593600000,12933.2,13360.9,9666.0,11979.8,106876.39094619,2019-06-27 00:00:00+00:00
1562198400000,11984.7,13197.8,10601.0,12096.2,54965.37219784,2019-07-04 00:00:00+00:00
1562803200000,12096.0,12096.0,9099.0,9703.9,72869.52837219,2019-07-11 00:00:00+00:00
1563408000000,9701.3,11210.0,9250.1,9769.8,55678.13778214,2019-07-18 00:00:00+00:00
1564012800000,9770.0,10204.6,9120.0,10090.1,34305.86233369,2019-07-25 00:00:00+00:00
1564617600000,10090.3,12340.0,9882.4,11962.7,49665.2714903,2019-08-01 00:00:00+00:00
1565222400000,11973.3,12065.0,9900.0,10018.0,36191.93824376,2019-08-08 00:00:00+00:00
1565827200000,10018.0,10959.0,9490.0,10125.0,44710.82446943,2019-08-15 00:00:00+00:00
1566432000000,10125.0,10697.9,9533.0,9716.1,36309.62844993,2019-08-22 00:00:00+00:00
1567036800000,9714.9,10892.1,9307.8,10584.9,34033.51843147,2019-08-29 00:00:00+00:00
1567641600000,10585.0,10947.0,9886.5,10160.7,30561.59829667,2019-09-05 00:00:00+00:00
1568246400000,10161.0,12000.0,8000.0,10157.6,21694.73931,2019-09-12 00:00:00+00:00
1568851200000,10157.7,10375.0,8000.0,8439.0,44204.90648499,2019-09-19 00:00:00+00:00
1569456000000,8439.0,8540.0,7655.0,8382.3,46266.20171308,2019-09-26 00:00:00+00:00
1570060800000,8382.2,8690.0,7769.7,8590.8,32393.51655849,2019-10-03 00:00:00+00:00
1570665600000,8589.9,8932.5,7916.0,8000.0,24969.25788131,2019-10-10 00:00:00+00:00
1571270400000,8000.1,8387.3,7302.0,7475.0,31135.94541602,2019-10-17 00:00:00+00:00
1571875200000,7473.9,10580.5,7360.0,9166.2,64211.72154619,2019-10-24 00:00:00+00:00
1572480000000,9163.9,9600.0,8949.6,9338.4,23397.31455107,2019-10-31 00:00:00+00:00
1573084800000,9339.6,9375.0,8560.0,8762.1,22571.52014907,2019-11-07 00:00:00+00:00
1573689600000,8763.9,8785.0,7987.2,8083.1,23361.87637435,2019-11-14 00:00:00+00:00
1574294400000,8083.1,8116.5,6525.0,7525.9,57078.22329309,2019-11-21 00:00:00+00:00
1574899200000,7523.8,7867.5,7068.2,7190.5,35382.37764222,2019-11-28 00:00:00+00:00
1575504000000,7196.2,7666.0,7125.0,7202.0,27772.15973775,2019-12-05 00:00:00+00:00
1576108800000,7201.9,7488.2,6430.2,7287.9,34752.38289191,2019-12-12 00:00:00+00:00
1576713600000,7293.4,7690.5,7045.0,7192.1,30433.74735317,2019-12-19 00:00:00+00:00
1577318400000,7193.0,7531.4,6934.8,7174.4,21352.54140764,2019-12-26 00:00:00+00:00
1577923200000,7174.4,8464.3,6860.0,8043.3,46642.54927461,2020-01-02 00:00:00+00:00
1578528000000,8043.3,8900.0,7666.3,8810.3,47580.6263687,2020-01-09 00:00:00+00:00
1579132800000,8808.4,9185.0,8333.0,8659.0,36956.05085966,2020-01-16 00:00:00+00:00
1579737600000,8658.9,9438.3,8215.2,9280.9,36394.94126979,2020-01-23 00:00:00+00:00
1580342400000,9281.2,9765.0,9060.0,9616.2,33554.79664667,2020-01-30 00:00:00+00:00
1580947200000,9612.8,10486.9,9520.0,10354.6,37895.51330585,2020-02-06 00:00:00+00:00
1581552000000,10352.6,10516.6,9346.0,9602.2,34218.8356179,2020-02-13 00:00:00+00:00
1582156800000,9602.0,10022.8,8645.0,8783.5,27451.31987874,2020-02-20 00:00:00+00:00
1582761600000,8783.3,8968.0,8405.0,8758.7,27495.88341977,2020-02-27 00:00:00+00:00
1583366400000,8758.4,9213.0,7589.0,7943.3,42574.52987391,2020-03-05 00:00:00+00:00
1583971200000,7961.3,7967.3,3913.1,5415.2,171377.09886059,2020-03-12 00:00:00+00:00
1584576000000,5419.3,7020.0,5270.1,6689.9,111180.76520107,2020-03-19 00:00:00+00:00
1585180800000,6690.0,6869.0,5851.0,6662.9,60966.63634198,2020-03-26 00:00:00+00:00
1585785600000,6662.9,7474.9,6576.4,7368.0,70011.83939992,2020-04-02 00:00:00+00:00
1586390400000,7366.3,7378.1,6560.0,6619.8,52310.92548158,2020-04-09 00:00:00+00:00
1586995200000,6618.1,7300.0,6478.6,7136.9,46347.80791868,2020-04-16 00:00:00+00:00
1587600000000,7136.8,8978.0,7035.2,8779.9,60021.52952821,2020-04-23 00:00:00+00:00
1588204800000,8779.9,9487.9,8410.0,9166.1,73657.11262707,2020-04-30 00:00:00+00:00
1588809600000,9163.1,10080.2,7995.6,9317.1,92382.05194884,2020-05-07 00:00:00+00:00
1589414400000,9317.1,9948.3,9128.0,9510.1,61339.92820274,2020-05-14 00:00:00+00:00
1590019200000,9510.1,9564.0,8644.0,9213.9,46919.48461182,2020-05-21 00:00:00+00:00
1590624000000,9208.0,10370.0,9109.4,9664.1,52040.43197427,2020-05-28 00:00:00+00:00
1591228800000,9670.0,10000.0,9386.6,9892.4,34808.54218199,2020-06-04 00:00:00+00:00
1591833600000,9892.2,9990.0,8905.0,9453.1,42373.75121862,2020-06-11 00:00:00+00:00
1592438400000,9453.1,9780.0,9165.0,9282.0,27104.33631823,2020-06-18 00:00:00+00:00
1593043200000,9290.6,9337.5,8812.8,9234.5,28734.19183887,2020-06-25 00:00:00+00:00
1593648000000,9233.9,9480.0,8915.1,9440.1,22265.4139156,2020-07-02 00:00:00+00:00
1594252800000,9440.0,9440.1,9095.0,9195.0,18514.03359292,2020-07-09 00:00:00+00:00
1594857600000,9194.9,9569.0,9021.7,9529.9,17685.33725737,2020-07-16 00:00:00+00:00
1595462400000,9529.8,11420.0,9460.0,11108.2,46612.95665121,2020-07-23 00:00:00+00:00
1596067200000,11111.1,12126.6,10590.0,11746.0,39869.59568793,2020-07-30 00:00:00+00:00
1596672000000,11746.0,12082.9,11133.0,11576.6,31761.70026,2020-08-06 00:00:00+00:00
1597276800000,11576.7,12480.6,11269.0,11757.4,31899.36555173,2020-08-13 00:00:00+00:00
1597881600000,11757.2,11899.7,11120.0,11469.5,21412.91010495,2020-08-20 00:00:00+00:00
1598486400000,11469.6,12068.6,11128.4,11396.9,22916.03434323,2020-08-27 00:00:00+00:00
1599091200000,11399.2,11478.0,9850.0,10229.7,39853.91300439,2020-09-03 00:00:00+00:00
1599696000000,10229.5,11097.9,10210.0,10951.1,23480.43043249,2020-09-10 00:00:00+00:00
1600300800000,10951.3,11178.2,10134.6,10230.7,23778.39138827,2020-09-17 00:00:00+00:00
1600905600000,10230.7,10945.0,10192.4,10774.9,20173.22438328,2020-09-24 00:00:00+00:00
1601510400000,10774.9,10930.0,10384.3,10669.9,19186.04041921,2020-10-01 00:00:00+00:00
1602115200000,10670.0,11725.9,10540.0,11433.1,24772.32628839,2020-10-08 00:00:00+00:00
1602720000000,11433.2,13241.4,11207.0,12813.0,30382.83687878,2020-10-15 00:00:00+00:00
1603324800000,12813.0,13851.6,12690.5,13289.5,35048.02329563,2020-10-22 00:00:00+00:00
1603929600000,13288.0,14266.4,12975.0,14163.3,37276.88785997,2020-10-29 00:00:00+00:00
1604534400000,14165.7,15990.0,14120.1,15708.7,53302.80033109,2020-11-05 00:00:00+00:00
1605139200000,15708.6,18495.0,15425.3,17800.0,51966.07957621,2020-11-12 00:00:00+00:00
1605744000000,17800.0,19509.3,17369.0,18723.4,47157.1464996,2020-11-19 00:00:00+00:00
1606348800000,18725.9,19947.5,16210.0,19231.4,67659.11474348,2020-11-26 00:00:00+00:00
1606953600000,19219.3,19600.0,17649.9,18548.5,33228.14071923,2020-12-03 00:00:00+00:00
1607558400000,18548.4,21577.4,17572.0,21378.1,40954.83905775,2020-12-10 00:00:00+00:00
1608163200000,21361.7,24297.7,21264.4,23226.7,62517.34981449,2020-12-17 00:00:00+00:00
1608768000000,23225.5,28972.1,22723.0,28879.9,61883.54403463,2020-12-24 00:00:00+00:00
1609372800000,28880.0,36989.0,27844.0,36876.7,84675.12858703,2020-12-31 00:00:00+00:00
1609977600000,36873.4,41989.0,30302.0,37390.1,104751.07129641,2021-01-07 00:00:00+00:00
1610582400000,37390.1,40115.0,33374.0,35511.8,64768.34742644,2021-01-14 00:00:00+00:00
1611187200000,35511.8,35614.1,28800.0,30424.2,74896.54466691,2021-01-21 00:00:00+00:00
1611792000000,30422.6,38621.0,29900.0,37670.9,58794.43461703,2021-01-28 00:00:00+00:00
1612396800000,37676.0,48222.0,36202.0,44847.5,56949.04369559,2021-02-04 00:00:00+00:00
1613001600000,44839.5,52779.6,44046.2,52130.0,38314.54922727,2021-02-11 00:00:00+00:00
1613606400000,52130.0,58339.0,45000.0,49727.7,59238.06181924,2021-02-18 00:00:00+00:00
1614211200000,49726.1,52600.0,43020.0,50400.0,48239.83984759,2021-02-25 00:00:00+00:00
1614816000000,50400.0,57378.0,46312.0,55851.0,40983.21511082,2021-03-04 00:00:00+00:00
1615420800000,55859.9,61724.6,52500.0,58933.0,41334.28837372,2021-03-11 00:00:00+00:00
1616025600000,58940.5,60000.0,51641.8,52293.8,36059.67949397,2021-03-18 00:00:00+00:00
1616630400000,52280.4,59800.0,50436.3,58786.2,34246.515881,2021-03-25 00:00:00+00:00
1617235200000,58780.4,60025.0,55460.0,55928.5,23518.33250292,2021-04-01 00:00:00+00:00
1617840000000,55936.6,64900.0,55728.0,62969.0,30004.85941026,2021-04-08 00:00:00+00:00
1618444800000,62963.0,63830.0,51017.1,53815.2,43650.43634912,2021-04-15 00:00:00+00:00
1619049600000,53815.3,56500.0,47000.0,54899.3,44210.79357865,2021-04-22 00:00:00+00:00
1619654400000,54886.1,58981.4,52390.2,57497.1,29538.34001296,2021-04-29 00:00:00+00:00
1620259200000,57494.2,59598.8,48605.0,49502.7,35892.67939885,2021-05-06 00:00:00+00:00
1620864000000,49502.7,51540.0,29800.0,36742.3,84332.08284929,2021-05-13 00:00:00+00:00
1621468800000,36765.2,42559.8,31078.7,39283.9,84652.16759233,2021-05-20 00:00:00+00:00
1622073600000,39290.0,40398.0,33423.2,37565.3,43499.75965207,2021-05-27 00:00:00+00:00
1622678400000,37565.3,39471.0,31017.4,37396.4,45013.61289771,2021-06-03 00:00:00+00:00
1623283200000,37398.9,41341.8,34680.0,38337.1,48283.249209,2021-06-10 00:00:00+00:00
1623888000000,38337.1,39561.4,28816.6,33683.3,57208.85809225,2021-06-17 00:00:00+00:00
1624492800000,33685.8,36643.2,30179.0,35046.2,34014.1268907,2021-06-24 00:00:00+00:00
1625097600000,35070.4,35948.9,32717.2,33885.1,21154.48806599,2021-07-01 00:00:00+00:00
1625702400000,33885.1,34665.7,31555.6,32815.2,21121.40336717,2021-07-08 00:00:00+00:00
1626307200000,32815.2,33188.3,29288.6,32125.0,24798.61231894,2021-07-15 00:00:00+00:00
1626912000000,32125.0,40919.1,31722.4,40011.0,31542.32166381,2021-07-22 00:00:00+00:00
1627516800000,40025.4,42598.7,37527.9,39749.0,24452.36844046,2021-07-29 00:00:00+00:00
1628121600000,39749.0,46736.4,37355.0,45571.7,30456.22807186,2021-08-05 00:00:00+00:00
1628726400000,45570.0,48164.0,43800.1,44714.7,21703.34622139,2021-08-12 00:00:00+00:00
1629331200000,44720.2,50500.0,44000.0,48991.3,19489.22340387,2021-08-19 00:00:00+00:00
1629936000000,48991.4,49653.9,46284.8,48872.2,16717.66205248,2021-08-26 00:00:00+00:00
1630540800000,48872.1,52900.0,42000.0,46073.4,25741.34413536,2021-09-02 00:00:00+00:00
1631145600000,46064.3,48481.0,43374.9,48152.3,16021.92933295,2021-09-09 00:00:00+00:00
1631750400000,48152.3,48800.0,39579.0,43562.8,23397.87909583,2021-09-16 00:00:00+00:00
1632355200000,43563.3,45153.0,40750.0,41524.8,17816.29551043,2021-09-23 00:00:00+00:00
1632960000000,41523.9,55770.0,41423.7,55350.2,27096.9776566,2021-09-30 00:00:00+00:00
1633564800000,55350.2,57837.7,53399.8,57381.2,18794.1980212,2021-10-07 00:00:00+00:00
1634169600000,57381.2,66982.2,56825.0,66035.8,22395.95793467,2021-10-14 00:00:00+00:00
1634774400000,66035.7,66637.8,54100.0,58500.1,20990.50121037,2021-10-21 00:00:00+00:00
1635379200000,58500.1,64327.0,57948.0,62942.9,17948.60915363,2021-10-28 00:00:00+00:00
1635984000000,62938.0,68991.0,60129.8,64969.0,19544.96907103,2021-11-04 00:00:00+00:00
1636588800000,64969.0,66349.6,58400.0,60367.8,18478.68693545,2021-11-11 00:00:00+00:00
1637193600000,60368.6,60964.4,55362.7,57203.3,20171.79527391,2021-11-18 00:00:00+00:00
1637798400000,57170.4,59400.0,53300.0,57237.9,25053.78301795,2021-11-25 00:00:00+00:00
1638403200000,57237.2,57688.9,40150.1,50515.1,30052.62558163,2021-12-02 00:00:00+00:00
1639008000000,50525.1,50819.5,45759.0,48881.3,23102.55116397,2021-12-09 00:00:00+00:00
1639612800000,48881.8,49599.8,45500.0,48624.9,19981.3390684,2021-12-16 00:00:00+00:00
1640217600000,48624.9,52111.0,46120.0,46473.2,15242.00000867,2021-12-23 00:00:00+00:00
1640822400000,46464.5,48591.6,42505.0,43410.0,16942.66308642,2021-12-30 00:00:00+00:00
1641427200000,43432.5,44348.5,39659.9,43927.8,25433.44814323,2022-01-06 00:00:00+00:00
1642032000000,43927.8,44420.1,41159.0,41686.2,13372.39704217,2022-01-13 00:00:00+00:00
1642636800000,41686.2,43497.4,32940.1,36827.6,36094.06410759,2022-01-20 00:00:00+00:00
1643241600000,36827.7,39290.0,35548.5,36903.3,18297.40906587,2022-01-27 00:00:00+00:00
1643846400000,36921.5,45500.0,36269.8,44420.0,21268.31122086,2022-02-03 00:00:00+00:00
1644451200000,44420.1,45900.0,41573.1,43873.1,17766.47140692,2022-02-10 00:00:00+00:00
1645056000000,43873.0,44179.4,36366.0,37250.1,21454.72824888,2022-02-17 00:00:00+00:00
1645660800000,37250.1,45349.0,34333.2,43922.5,39193.50507235,2022-02-24 00:00:00+00:00
1646265600000,43922.2,44085.4,37159.4,41965.3,28999.3968826,2022-03-03 00:00:00+00:00
1646870400000,41959.0,42041.8,37584.5,41124.0,24631.57262853,2022-03-10 00:00:00+00:00
1647475200000,41129.9,43402.6,40179.1,42910.3,15670.39601283,2022-03-17 00:00:00+00:00
1648080000000,42910.2,48200.0,42637.4,47059.3,16345.001708,2022-03-24 00:00:00+00:00
1648684800000,47079.2,47598.0,43123.7,43179.4,17550.48201952,2022-03-31 00:00:00+00:00
1649289600000,43179.5,43968.7,39240.0,41150.0,13435.43350651,2022-04-07 00:00:00+00:00
1649894400000,41150.0,42235.7,38570.0,41369.9,10551.70774033,2022-04-14 00:00:00+00:00
1650499200000,41370.0,42950.0,37672.0,39249.9,19457.01675725,2022-04-21 00:00:00+00:00
1651104000000,39249.9,40349.8,37399.4,39682.8,15900.89494162,2022-04-28 00:00:00+00:00
1651708800000,39677.6,39832.0,27700.0,28994.1,49594.8218117,2022-05-05 00:00:00+00:00
1652313600000,28998.2,31390.0,25332.8,28664.3,31471.47941724,2022-05-12 00:00:00+00:00
1652918400000,28657.6,30721.2,28635.3,29520.3,18999.33118627,2022-05-19 00:00:00+00:00
1653523200000,29519.4,32400.0,27505.0,29790.0,26138.34818272,2022-05-26 00:00:00+00:00
1654128000000,29790.0,31725.6,29200.2,30190.8,18715.54063423,2022-06-02 00:00:00+00:00
1654732800000,30190.8,30666.0,20089.0,22559.6,54868.70086774,2022-06-09 00:00:00+00:00
1655337600000,22557.0,22950.0,17600.0,19951.3,55380.0830159,2022-06-16 00:00:00+00:00
1655942400000,19951.3,21867.0,19828.7,20086.2,24076.62901495,2022-06-23 00:00:00+00:00
1656547200000,20094.0,20878.3,18617.5,20542.7,26720.41463214,2022-06-30 00:00:00+00:00
1657152000000,20541.0,22498.0,18900.0,20233.6,28029.56552624,2022-07-07 00:00:00+00:00
1657756800000,20222.3,24264.6,19609.4,23242.4,35337.94238731,2022-07-14 00:00:00+00:00
1658361600000,23220.8,23744.0,20696.0,22964.3,27528.04644538,2022-07-21 00:00:00+00:00
1658966400000,22965.3,24699.8,22487.9,22827.9,26997.158944,2022-07-28 00:00:00+00:00
1659571200000,22827.7,24285.3,22400.0,23958.8,24283.44720977,2022-08-04 00:00:00+00:00
1660176000000,23960.0,25200.0,23193.1,23336.2,24786.38957253,2022-08-11 00:00:00+00:00
1660780800000,23336.2,23590.0,20778.0,21375.1,21141.46988555,2022-08-18 00:00:00+00:00
1661385600000,21375.0,21875.0,19525.8,20052.6,22969.75806734,2022-08-25 00:00:00+00:00
1661990400000,20049.4,20434.9,18550.0,19283.1,23271.68172427,2022-09-01 00:00:00+00:00
1662595200000,19292.8,22790.0,19015.0,20233.0,31116.86044604,2022-09-08 00:00:00+00:00
1663200000000,20230.6,20335.7,18138.4,18469.2,28011.02096728,2022-09-15 00:00:00+00:00
1663804800000,18468.0,20383.0,18372.6,19400.0,34215.92189196,2022-09-22 00:00:00+00:00
1664409600000,19400.0,20475.0,18849.1,20162.7,30117.26883948,2022-09-29 00:00:00+00:00
1665014400000,20163.1,20449.8,18860.0,19155.9,17755.99435638,2022-10-06 00:00:00+00:00
1665619200000,19155.8,19939.4,18163.1,19124.1,24966.14993001,2022-10-13 00:00:00+00:00
1666224000000,19124.1,21021.2,18657.1,20775.9,23446.22873823,2022-10-20 00:00:00+00:00
1666828800000,20775.9,21074.4,20016.3,20153.5,20389.13994399,2022-10-27 00:00:00+00:00
1667433600000,20153.5,21469.3,15555.0,15863.7,45919.43495823,2022-11-03 00:00:00+00:00
1668038400000,15878.7,18155.5,15732.8,16664.0,37759.29587559,2022-11-10 00:00:00+00:00
1668643200000,16658.4,16979.9,15470.5,16599.3,21310.13542626,2022-11-17 00:00:00+00:00
1669248000000,16597.2,17250.0,16000.0,17166.9,17185.94170702,2022-11-24 00:00:00+00:00
1669852800000,17170.6,17440.0,16700.0,16837.3,13350.50343443,2022-12-01 00:00:00+00:00
1670457600000,16836.9,18387.5,16735.9,17804.9,17330.77530603,2022-12-08 00:00:00+00:00
1671062400000,17804.2,17853.8,16260.2,16829.4,17064.84856857,2022-12-15 00:00:00+00:00
1671667200000,16823.5,16962.3,16453.2,16541.6,11133.58858951,2022-12-22 00:00:00+00:00
1672272000000,16541.6,16987.4,16325.2,16848.9,11927.13033307,2022-12-29 00:00:00+00:00
1672876800000,16849.3,17983.4,16680.0,17943.0,13837.88608331,2023-01-05 00:00:00+00:00
1673481600000,17943.0,21679.1,17912.9,20680.0,32051.09754593,2023-01-12 00:00:00+00:00
1674086400000,20672.0,23829.3,20658.6,23056.5,26815.32385099,2023-01-19 00:00:00+00:00
1674691200000,23063.2,23950.0,22492.8,23732.6,22066.07468466,2023-01-26 00:00:00+00:00
1675296000000,23735.3,24282.1,22599.9,22964.8,20350.94174835,2023-02-02 00:00:00+00:00
1675900800000,22963.6,24366.4,21359.1,24334.5,20449.9396827,2023-02-09 00:00:00+00:00
1676505600000,24340.9,25275.7,23340.4,24186.6,29922.27804771,2023-02-16 00:00:00+00:00
1677110400000,24187.7,24602.8,22739.9,23634.9,23196.43321747,2023-02-23 00:00:00+00:00
1677715200000,23633.7,23808.0,21600.0,21699.1,16227.47341288,2023-03-02 00:00:00+00:00
1678320000000,21696.5,26526.0,19549.9,24372.6,64454.00529522,2023-03-09 00:00:00+00:00
1678924800000,24374.8,28879.9,24210.8,27300.0,57448.79994888,2023-03-16 00:00:00+00:00
1679529600000,27300.1,28798.9,26491.9,28358.2,35661.72607851,2023-03-23 00:00:00+00:00
1680134400000,28358.2,29190.0,27212.7,28179.1,27602.87686914,2023-03-30 00:00:00+00:00
1680739200000,28179.0,30586.0,27700.0,29895.2,21922.48022925,2023-04-06 00:00:00+00:00
1681344000000,29895.2,31050.0,28577.0,28814.0,26670.68608592,2023-04-13 00:00:00+00:00
1681948800000,28814.3,30037.3,26969.4,28424.9,30025.18491106,2023-04-20 00:00:00+00:00
1682553600000,28425.0,29975.0,27643.2,29033.3,28126.93981961,2023-04-27 00:00:00+00:00
1683158400000,29034.5,29868.1,26792.9,27617.8,24808.69835246,2023-05-04 00:00:00+00:00
1683763200000,27615.6,27677.0,25827.4,27402.3,22095.81867999,2023-05-11 00:00:00+00:00
1684368000000,27402.3,27511.7,26069.1,26327.7,16963.28259035,2023-05-18 00:00:00+00:00
1684972800000,26327.8,28450.0,25865.0,27216.2,20709.43198423,2023-05-25 00:00:00+00:00
1685577600000,27215.1,27489.0,25369.0,26352.3,23775.35220417,2023-06-01 00:00:00+00:00
1686182400000,26352.3,26831.0,24818.0,25123.9,19531.08851648,2023-06-08 00:00:00+00:00
1686787200000,25124.0,30794.9,24751.1,29992.0,32170.51033732,2023-06-15 00:00:00+00:00
1687392000000,29986.8,31435.3,29550.0,30088.1,25850.47651993,2023-06-22 00:00:00+00:00
1687996800000,30088.2,31373.7,29375.6,30502.8,17278.14466709,2023-06-29 00:00:00+00:00
1688601600000,30502.8,31631.0,29699.0,30395.3,15021.52136451,2023-07-06 00:00:00+00:00
1689206400000,30395.3,31790.8,29500.0,29912.6,16407.68496732,2023-07-13 00:00:00+00:00
1689811200000,29912.7,30405.9,28880.0,29336.1,10730.07960173,2023-07-20 00:00:00+00:00
1690416000000,29336.1,30000.0,28760.0,29152.3,10758.25525357,2023-07-27 00:00:00+00:00
1691020800000,29152.3,30190.0,28628.9,29570.8,11882.18988369,2023-08-03 00:00:00+00:00
1691625600000,29570.9,29694.4,28695.3,28698.5,7314.86118796,2023-08-10 00:00:00+00:00
1692230400000,28699.3,28748.0,24800.0,26417.4,15905.59786587,2023-08-17 00:00:00+00:00
1692835200000,26417.5,28150.0,25778.0,27305.4,11756.27577836,2023-08-24 00:00:00+00:00
1693440000000,27305.4,27605.5,25333.3,25763.8,9097.83405825,2023-08-31 00:00:00+00:00
1694044800000,25763.7,27212.0,24925.0,26231.1,15448.82567829,2023-09-07 00:00:00+00:00
1694649600000,26231.2,27494.5,26154.6,27135.1,14368.52739564,2023-09-14 00:00:00+00:00
1695254400000,27135.1,27150.0,26000.0,26359.9,11399.66661116,2023-09-21 00:00:00+00:00
1695859200000,26359.9,28572.5,26329.9,27800.0,16368.96777038,2023-09-28 00:00:00+00:00
1696464000000,27800.0,28284.9,26551.0,26868.2,13596.32466131,2023-10-05 00:00:00+00:00
1697068800000,26868.2,30000.0,26560.0,28335.1,17620.84180246,2023-10-12 00:00:00+00:00
1697673600000,28335.1,35225.0,28150.5,34489.9,28699.17325782,2023-10-19 00:00:00+00:00
1698278400000,34489.9,35612.5,33318.6,35441.7,17490.40584671,2023-10-26 00:00:00+00:00
1698883200000,35441.7,36094.0,34133.0,35626.4,16253.93450454,2023-11-02 00:00:00+00:00
1699488000000,35626.4,37971.0,34666.0,37896.7,27819.28243467,2023-11-09 00:00:00+00:00
1700092800000,37896.7,37950.0,35517.2,37428.1,30466.81730728,2023-11-16 00:00:00+00:00
1700697600000,37428.1,38432.9,36720.0,37870.0,17635.30271622,2023-11-23 00:00:00+00:00
1701302400000,37870.0,44465.0,37501.0,43761.7,26119.85551057,2023-11-30 00:00:00+00:00
1701907200000,43761.7,44699.0,39999.0,42889.1,23752.08092369,2023-12-07 00:00:00+00:00
1702512000000,42889.1,44300.0,40515.9,43630.0,20642.15383798,2023-12-14 00:00:00+00:00
1703116800000,43630.0,44429.4,41637.1,43468.1,15801.95486561,2023-12-21 00:00:00+00:00
1703721600000,43467.2,45913.4,39501.0,42849.5,24118.39180074,2023-12-28 00:00:00+00:00
1704326400000,42849.5,47988.0,42480.0,46664.8,32980.56956666,2024-01-04 00:00:00+00:00
1704931200000,46678.1,49000.0,41476.0,42747.8,28186.76556026,2024-01-11 00:00:00+00:00
1705536000000,42746.1,42877.0,38518.0,40069.8,18639.36402767,2024-01-18 00:00:00+00:00
1706140800000,40069.8,43857.2,39556.2,42551.7,15087.13561896,2024-01-25 00:00:00+00:00
1706745600000,42551.7,44362.0,41882.5,44333.6,12698.37214917,2024-02-01 00:00:00+00:00
1707350400000,44333.7,52136.8,44333.7,51835.1,26475.56512968,2024-02-08 00:00:00+00:00
1707955200000,51835.2,52991.8,50581.2,51866.9,18432.30880237,2024-02-15 00:00:00+00:00
1708560000000,51866.9,64015.8,50456.0,62487.8,27037.88254313,2024-02-22 00:00:00+00:00
1709164800000,62489.8,69218.0,59150.0,66098.9,35782.24167977,2024-02-29 00:00:00+00:00
1709769600000,66098.9,73666.5,65200.0,73082.4,23257.17822467,2024-03-07 00:00:00+00:00
1710374400000,73089.7,73734.0,60778.2,67866.0,32263.98065224,2024-03-14 00:00:00+00:00
1710979200000,67866.1,71746.9,62204.1,69437.3,20230.0337136,2024-03-21 00:00:00+00:00
1711584000000,69437.2,71546.3,64541.2,65991.5,14246.42801817,2024-03-28 00:00:00+00:00
1712188800000,65991.4,72731.5,65116.1,70612.2,19674.32651464,2024-04-04 00:00:00+00:00
1712793600000,70612.3,71250.9,59700.0,61284.4,26065.31714735,2024-04-11 00:00:00+00:00
1713398400000,61284.4,67200.0,59666.0,64291.3,17496.55432008,2024-04-18 00:00:00+00:00
1714003200000,64291.3,65300.0,56378.0,58272.2,17744.1847204,2024-04-25 00:00:00+00:00
1714608000000,58272.3,65500.0,56929.9,61172.1,16904.38861485,2024-05-02 00:00:00+00:00
1715212800000,61172.1,66450.0,60220.2,66233.0,12802.17549621,2024-05-09 00:00:00+00:00
1715817600000,66233.1,71896.4,64557.0,69144.0,14590.80705457,2024-05-16 00:00:00+00:00
1716422400000,69144.1,70600.0,66250.0,67575.4,11436.18977914,2024-05-23 00:00:00+00:00
1717027200000,67575.4,71709.0,66652.4,71103.6,10451.10919615,2024-05-30 00:00:00+00:00
1717632000000,71116.3,71900.0,66059.3,68233.7,10640.61363028,2024-06-06 00:00:00+00:00
1718236800000,68233.7,68412.0,64050.0,64949.0,8217.580989,2024-06-13 00:00:00+00:00
1718841600000,64949.1,66444.7,58448.0,60815.1,9454.19302574,2024-06-20 00:00:00+00:00
1719446400000,60815.2,63798.9,59341.6,60146.6,7020.91765957,2024-06-27 00:00:00+00:00
1720051200000,60146.6,60399.3,53563.3,57743.1,13973.96516394,2024-07-04 00:00:00+00:00
1720656000000,57742.1,66100.3,56593.3,64120.0,13318.62294887,2024-07-11 00:00:00+00:00
1721260800000,64120.1,68531.4,63225.5,65367.0,11438.80714387,2024-07-18 00:00:00+00:00
1721865600000,65360.4,69985.0,63427.5,64638.1,14365.00663004,2024-07-25 00:00:00+00:00
1722470400000,64638.1,65550.0,49111.0,55091.0,26169.9482998,2024-08-01 00:00:00+00:00
1723075200000,55138.1,62700.0,54760.3,58693.6,16021.78826359,2024-08-08 00:00:00+00:00
1723680000000,58693.7,61800.0,56117.7,61179.7,11076.04977596,2024-08-15 00:00:00+00:00
1724284800000,61179.8,65070.7,57870.8,59025.6,11815.71887155,2024-08-22 00:00:00+00:00
1724889600000,59025.6,61143.1,55617.7,57970.0,10743.33996128,2024-08-29 00:00:00+00:00
1725494400000,57970.1,58285.9,52569.0,57350.6,13067.38036013,2024-09-05 00:00:00+00:00
1726099200000,57350.7,61777.7,57339.0,61777.7,12460.55479313,2024-09-12 00:00:00+00:00
1726704000000,61777.7,64777.3,61599.2,63139.2,14503.37160645,2024-09-19 00:00:00+00:00
1727308800000,63139.2,66452.8,60000.0,60635.3,11014.66561163,2024-09-26 00:00:00+00:00
1727913600000,60643.9,64419.3,59850.0,60558.0,9141.83486011,2024-10-03 00:00:00+00:00
1728518400000,60558.0,68328.6,58888.0,67589.9,13511.72931895,2024-10-10 00:00:00+00:00
1729123200000,67590.0,69447.8,65199.0,66633.4,9418.89363627,2024-10-17 00:00:00+00:00
1729728000000,66630.5,73574.9,65531.0,72331.1,12422.05084642,2024-10-24 00:00:00+00:00
1730332800000,72331.1,76457.6,66836.0,75642.0,19698.90802679,2024-10-31 00:00:00+00:00
1730937600000,75642.1,93435.0,74500.0,90490.9,33036.9146866,2024-11-07 00:00:00+00:00
1731542400000,90496.8,94925.0,86621.9,94364.5,24701.4895654,2024-11-14 00:00:00+00:00
1732147200000,94356.8,99650.0,90736.0,95952.9,23816.7588634,2024-11-21 00:00:00+00:00
1732752000000,95946.8,99213.9,93565.1,98757.1,13299.70758564,2024-11-28 00:00:00+00:00
1733356800000,98757.1,104015.5,91800.0,101177.0,20913.79511101,2024-12-05 00:00:00+00:00
1733961600000,101177.1,108297.6,99250.0,100166.1,18501.82573274,2024-12-12 00:00:00+00:00
1734566400000,100166.1,102750.0,92159.0,99310.8,12553.68423033,2024-12-19 00:00:00+00:00
1735171200000,99328.2,99821.8,91256.6,94380.8,8656.63206788,2024-12-26 00:00:00+00:00
1735776000000,94380.9,102759.3,92501.0,95060.4,11590.77250902,2025-01-02 00:00:00+00:00
1736380800000,95060.1,100731.7,89005.8,100496.4,12595.97754766,2025-01-09 00:00:00+00:00
1736985600000,100496.5,109112.0,97333.0,103648.5,21582.38846949,2025-01-16 00:00:00+00:00
1737590400000,103648.6,107080.6,97688.7,103708.0,15849.78446249,2025-01-23 00:00:00+00:00
1738195200000,103708.1,106414.4,91000.0,96623.8,17818.660678,2025-01-30 00:00:00+00:00
1738800000000,96613.4,100181.7,94111.0,97874.0,8986.28700742,2025-02-06 00:00:00+00:00
1739404800000,97874.0,98826.0,93388.7,96625.7,7097.03919716,2025-02-13 00:00:00+00:00
1740009600000,96625.7,99481.1,80525.0,84089.8,17667.50977671,2025-02-20 00:00:00+00:00
1740614400000,84089.9,95000.0,78219.0,90610.4,26891.85541737,2025-02-27 00:00:00+00:00
1741219200000,90610.4,92741.5,76615.7,83673.4,20214.9665635,2025-03-06 00:00:00+00:00
1741824000000,83673.4,87000.0,79930.7,86879.5,10963.27941892,2025-03-13 00:00:00+00:00
1742428800000,86879.6,88750.0,83179.3,86899.0,9475.16845681,2025-03-20 00:00:00+00:00
1743033600000,86899.0,89042.7,81270.3,82508.1,12180.44898139,2025-03-27 00:00:00+00:00
1743638400000,82508.1,84709.7,74409.1,82556.3,21208.1829965,2025-04-03 00:00:00+00:00
1744243200000,82556.3,86401.0,78451.2,84023.8,14685.06990627,2025-04-10 00:00:00+00:00
1744848000000,84027.5,94635.1,83777.2,93677.0,9188.24025805,2025-04-17 00:00:00+00:00
1745452800000,93677.0,95837.7,91711.0,94205.4,8270.06312397,2025-04-24 00:00:00+00:00
1746057600000,94205.4,97885.0,93398.5,97031.4,7876.97823603,2025-05-01 00:00:00+00:00
1746662400000,97031.4,105728.8,96874.9,103589.7,9794.50120477,2025-05-08 00:00:00+00:00
1747267200000,103589.7,110698.0,101441.6,109675.1,11375.90120085,2025-05-15 00:00:00+00:00
1747872000000,109675.1,111983.2,106672.9,107811.7,8829.26570399,2025-05-22 00:00:00+00:00
1748476800000,107811.7,108888.0,103169.0,104745.4,6014.84330479,2025-05-29 00:00:00+00:00
1749081600000,104745.4,110550.0,100400.0,108702.0,6937.05400853,2025-06-05 00:00:00+00:00
1749686400000,108701.9,108924.6,102812.3,104892.0,7715.45558886,2025-06-12 00:00:00+00:00
1750291200000,104891.9,108165.5,98277.2,107360.0,11406.78876899,2025-06-19 00:00:00+00:00
1750896000000,107360.0,109794.7,105116.4,108846.9,6805.77796601,2025-06-26 00:00:00+00:00
1751500800000,108846.9,112000.0,107299.9,111323.7,5418.17632978,2025-07-03 00:00:00+00:00
1752105600000,111323.7,123140.0,110600.0,118712.6,10972.14832537,2025-07-10 00:00:00+00:00
1752710400000,118712.6,120999.6,116260.0,118735.3,6643.70586187,2025-07-17 00:00:00+00:00
1753315200000,118735.3,119793.4,114733.1,117820.7,6307.69668299,2025-07-24 00:00:00+00:00
1753920000000,117820.7,118918.9,111897.1,115010.0,7032.05394199,2025-07-31 00:00:00+00:00
1754524800000,115010.0,123724.7,114280.0,123354.3,9312.26544821,2025-08-07 00:00:00+00:00
1755129600000,123354.3,124420.0,112400.0,114262.7,9601.61957115,2025-08-14 00:00:00+00:00
1755734400000,114273.8,117354.0,108734.6,111268.6,9363.25120923,2025-08-21 00:00:00+00:00
1756339200000,111268.6,113457.9,107255.0,111771.1,9104.35103599,2025-08-28 00:00:00+00:00
1756944000000,111771.1,114300.0,109369.8,113952.8,7923.50173497,2025-09-04 00:00:00+00:00
1757548800000,113952.8,117291.9,113400.0,116469.0,8690.76313791,2025-09-11 00:00:00+00:00
1758153600000,116469.1,117920.0,111111.0,113300.0,7049.50651643,2025-09-18 00:00:00+00:00
1758758400000,113300.0,118708.6,108677.5,118599.9,8040.00104378,2025-09-25 00:00:00+00:00
1759363200000,118600.0,126198.1,118344.4,123329.7,11606.26247688,2025-10-02 00:00:00+00:00
1759968000000,123329.8,123750.9,100000.0,110781.9,17698.74026441,2025-10-09 00:00:00+00:00
1760572800000,110781.9,114000.0,103583.2,107644.1,15551.91683324,2025-10-16 00:00:00+00:00
1761177600000,107644.1,116309.8,107556.3,110104.2,9914.45917846,2025-10-23 00:00:00+00:00
1761782400000,110104.2,111561.5,98900.0,103900.0,15672.86517059,2025-10-30 00:00:00+00:00
1762387200000,103900.0,107400.0,99222.0,101666.6,12195.66630504,2025-11-06 00:00:00+00:00
1762992000000,101666.7,103999.0,88547.0,91427.7,18800.55348353,2025-11-13 00:00:00+00:00
1763596800000,91427.7,93003.7,80595.2,90535.7,21365.09550116,2025-11-20 00:00:00+00:00
1764201600000,90535.7,94051.6,83870.8,93457.9,12405.89560501,2025-11-27 00:00:00+00:00
1764806400000,93458.0,94583.7,87777.0,92019.8,10474.78295504,2025-12-04 00:00:00+00:00
1765411200000,92019.8,93561.8,85151.5,86207.8,13639.49109478,2025-12-11 00:00:00+00:00
1766016000000,86205.5,90552.6,84421.4,87613.7,12332.35218403,2025-12-18 00:00:00+00:00
1766620800000,87613.7,90298.9,86611.7,87500.1,8760.27082914,2025-12-25 00:00:00+00:00
1767225600000,87500.2,94783.9,87400.0,91273.3,10468.03396775,2026-01-01 00:00:00+00:00
1767830400000,91273.3,97899.7,89225.0,96933.3,12055.47673878,2026-01-08 00:00:00+00:00
1768435200000,96933.4,97151.1,87200.0,89372.9,12560.05879326,2026-01-15 00:00:00+00:00
1769040000000,89372.9,91099.5,86007.0,89159.6,10979.71377155,2026-01-22 00:00:00+00:00
1769644800000,89159.7,89202.7,71722.0,73013.6,31350.99579077,2026-01-29 00:00:00+00:00
1770249600000,73008.9,73156.8,60500.0,67052.3,34099.12471241,2026-02-05 00:00:00+00:00
1770854400000,67039.6,70935.2,65072.2,66425.7,15104.7413986,2026-02-12 00:00:00+00:00
1771459200000,66425.7,70000.0,62500.0,67978.6,16363.51439119,2026-02-19 00:00:00+00:00
1772064000000,67978.6,74062.1,63030.0,72684.8,20784.93291793,2026-02-26 00:00:00+00:00
1772668800000,72684.8,73585.9,65646.2,70200.4,18573.46473759,2026-03-05 00:00:00+00:00
1773273600000,70200.4,75998.1,69228.2,71270.9,16590.68067822,2026-03-12 00:00:00+00:00
1773878400000,71270.9,71985.0,67343.1,71309.6,13678.88762526,2026-03-19 00:00:00+00:00
1774483200000,71302.2,71406.2,64960.0,68098.5,15698.11809528,2026-03-26 00:00:00+00:00
1775088000000,68098.5,72850.0,65688.2,71109.0,11404.74335628,2026-04-02 00:00:00+00:00
1775692800000,71090.2,76088.3,70465.1,74810.1,13282.17534949,2026-04-09 00:00:00+00:00
1776297600000,74810.1,79490.7,73310.6,78204.0,13693.6714222,2026-04-16 00:00:00+00:00
1776902400000,78204.0,79481.2,74940.0,75750.3,9733.75772337,2026-04-23 00:00:00+00:00
